{
	"registrations": [
		{
			"component": {
				"type": "git",
				"git": {
					"name": "octref/language-css",
					"repositoryUrl": "https://github.com/octref/language-css",
					"commitHash": "dcdc1cb4403266f4ebdb1a4f526f8b6d09fd39d6"
				}
			},
			"license": "MIT",
			"description": "The file syntaxes/css.tmLanguage.json was derived from https://github.com/octref/language-css which was derived from the Atom package https://github.com/atom/language-css which was originally converted from the TextMate bundle https://github.com/textmate/css.tmbundle.",
			"version": "0.42.11"
		}
	],
	"version": 1
}